obs,data marking,Stat Unit eng,Stat unit cym,Meas type eng,meas type cym,obs type eng,obstype cym,obs type val,unit mult,unit of meas eng,unit of meas cym,confidentiality,empty,geog,empt,empt,Time dim it id,Time dilab eng,time dilad cym,time type,emp,statpopid,statpopeng,ststpopcym,cdid,cdiddesc,empt,empt,empt,empt,empt,empt,empt,empt,dim1id,dim1labeng,dim1labcym,dim1itid,dim1iflabeng,dim1iflabcy,istot,issubtot,Dim2id,dim2labeng,dim2labcym,dim2itid,dim2iflabeng,dim2itlabcym,istot,issubtot,Dim3id,dim3labeng,dim3labcym,dim3itid,dim3iflabeng,dim3itlabcym,istot,issubtot,Dim4id,dim4labeng,dim4labcym,dim4itid,dim4iflabeng,dim4itlabcym,istot,issubtot
61.48,,People,,Percent,,,,,1,Rates,,,,,,,Apr-Jun 2019,Apr-Jun 2019,,Quarter,,Labour market status,Labour market status,,MGTM,,,,,,,,,,Economic Status,Economic Status,,In Employment,In Employment,,,,Age,Age,,16+,16+,,,,Sex,Sex,,People,People,,,,SA NSA,SA NSA,,Non Seasonal Adjusted,Non Seasonal Adjusted,,,
66.01,,People,,Percent,,,,,1,Rates,,,,,,,Apr-Jun 2019,Apr-Jun 2019,,Quarter,,Labour market status,Labour market status,,MGTN,,,,,,,,,,Economic Status,Economic Status,,In Employment,In Employment,,,,Age,Age,,16+,16+,,,,Sex,Sex,,Men,Men,,,,SA NSA,SA NSA,,Non Seasonal Adjusted,Non Seasonal Adjusted,,,
57.13,,People,,Percent,,,,,1,Rates,,,,,,,Apr-Jun 2019,Apr-Jun 2019,,Quarter,,Labour market status,Labour market status,,MGTO,,,,,,,,,,Economic Status,Economic Status,,In Employment,In Employment,,,,Age,Age,,16+,16+,,,,Sex,Sex,,Women,Women,,,,SA NSA,SA NSA,,Non Seasonal Adjusted,Non Seasonal Adjusted,,,
75.95,,People,,Percent,,,,,1,Rates,,,,,,,Apr-Jun 2019,Apr-Jun 2019,,Quarter,,Labour market status,Labour market status,,YBSQ,,,,,,,,,,Economic Status,Economic Status,,In Employment,In Employment,,,,Age,Age,,16-64,16-64,,,,Sex,Sex,,People,People,,,,SA NSA,SA NSA,,Non Seasonal Adjusted,Non Seasonal Adjusted,,,
79.91,,People,,Percent,,,,,1,Rates,,,,,,,Apr-Jun 2019,Apr-Jun 2019,,Quarter,,Labour market status,Labour market status,,YBSR,,,,,,,,,,Economic Status,Economic Status,,In Employment,In Employment,,,,Age,Age,,16-64,16-64,,,,Sex,Sex,,Men,Men,,,,SA NSA,SA NSA,,Non Seasonal Adjusted,Non Seasonal Adjusted,,,
72.03,,People,,Percent,,,,,1,Rates,,,,,,,Apr-Jun 2019,Apr-Jun 2019,,Quarter,,Labour market status,Labour market status,,YBSS,,,,,,,,,,Economic Status,Economic Status,,In Employment,In Employment,,,,Age,Age,,16-64,16-64,,,,Sex,Sex,,Women,Women,,,,SA NSA,SA NSA,,Non Seasonal Adjusted,Non Seasonal Adjusted,,,
23.88,,People,,Percent,,,,,1,Rates,,,,,,,Apr-Jun 2019,Apr-Jun 2019,,Quarter,,Labour market status,Labour market status,,YCQW,,,,,,,,,,Economic Status,Economic Status,,In Employment,In Employment,,,,Age,Age,,16-17,16-17,,,,Sex,Sex,,People,People,,,,SA NSA,SA NSA,,Non Seasonal Adjusted,Non Seasonal Adjusted,,,
21.84,,People,,Percent,,,,,1,Rates,,,,,,,Apr-Jun 2019,Apr-Jun 2019,,Quarter,,Labour market status,Labour market status,,YCQZ,,,,,,,,,,Economic Status,Economic Status,,In Employment,In Employment,,,,Age,Age,,16-17,16-17,,,,Sex,Sex,,Men,Men,,,,SA NSA,SA NSA,,Non Seasonal Adjusted,Non Seasonal Adjusted,,,
26.02,,People,,Percent,,,,,1,Rates,,,,,,,Apr-Jun 2019,Apr-Jun 2019,,Quarter,,Labour market status,Labour market status,,YCRC,,,,,,,,,,Economic Status,Economic Status,,In Employment,In Employment,,,,Age,Age,,16-17,16-17,,,,Sex,Sex,,Women,Women,,,,SA NSA,SA NSA,,Non Seasonal Adjusted,Non Seasonal Adjusted,,,
61.64,,People,,Percent,,,,,1,Rates,,,,,,,Apr-Jun 2019,Apr-Jun 2019,,Quarter,,Labour market status,Labour market status,,YCQX,,,,,,,,,,Economic Status,Economic Status,,In Employment,In Employment,,,,Age,Age,,18-24,18-24,,,,Sex,Sex,,People,People,,,,SA NSA,SA NSA,,Non Seasonal Adjusted,Non Seasonal Adjusted,,,
61.03,,People,,Percent,,,,,1,Rates,,,,,,,Apr-Jun 2019,Apr-Jun 2019,,Quarter,,Labour market status,Labour market status,,YCRA,,,,,,,,,,Economic Status,Economic Status,,In Employment,In Employment,,,,Age,Age,,18-24,18-24,,,,Sex,Sex,,Men,Men,,,,SA NSA,SA NSA,,Non Seasonal Adjusted,Non Seasonal Adjusted,,,
62.27,,People,,Percent,,,,,1,Rates,,,,,,,Apr-Jun 2019,Apr-Jun 2019,,Quarter,,Labour market status,Labour market status,,YCRD,,,,,,,,,,Economic Status,Economic Status,,In Employment,In Employment,,,,Age,Age,,18-24,18-24,,,,Sex,Sex,,Women,Women,,,,SA NSA,SA NSA,,Non Seasonal Adjusted,Non Seasonal Adjusted,,,
84.47,,People,,Percent,,,,,1,Rates,,,,,,,Apr-Jun 2019,Apr-Jun 2019,,Quarter,,Labour market status,Labour market status,,EAAAA,,,,,,,,,,Economic Status,Economic Status,,In Employment,In Employment,,,,Age,Age,,25-34,25-34,,,,Sex,Sex,,People,People,,,,SA NSA,SA NSA,,Non Seasonal Adjusted,Non Seasonal Adjusted,,,
89.87,,People,,Percent,,,,,1,Rates,,,,,,,Apr-Jun 2019,Apr-Jun 2019,,Quarter,,Labour market status,Labour market status,,EAAAB,,,,,,,,,,Economic Status,Economic Status,,In Employment,In Employment,,,,Age,Age,,25-34,25-34,,,,Sex,Sex,,Men,Men,,,,SA NSA,SA NSA,,Non Seasonal Adjusted,Non Seasonal Adjusted,,,
79.02,,People,,Percent,,,,,1,Rates,,,,,,,Apr-Jun 2019,Apr-Jun 2019,,Quarter,,Labour market status,Labour market status,,EAAAC,,,,,,,,,,Economic Status,Economic Status,,In Employment,In Employment,,,,Age,Age,,25-34,25-34,,,,Sex,Sex,,Women,Women,,,,SA NSA,SA NSA,,Non Seasonal Adjusted,Non Seasonal Adjusted,,,
85.27,,People,,Percent,,,,,1,Rates,,,,,,,Apr-Jun 2019,Apr-Jun 2019,,Quarter,,Labour market status,Labour market status,,EAAAD,,,,,,,,,,Economic Status,Economic Status,,In Employment,In Employment,,,,Age,Age,,35-49,35-49,,,,Sex,Sex,,People,People,,,,SA NSA,SA NSA,,Non Seasonal Adjusted,Non Seasonal Adjusted,,,
91.26,,People,,Percent,,,,,1,Rates,,,,,,,Apr-Jun 2019,Apr-Jun 2019,,Quarter,,Labour market status,Labour market status,,EAAAE,,,,,,,,,,Economic Status,Economic Status,,In Employment,In Employment,,,,Age,Age,,35-49,35-49,,,,Sex,Sex,,Men,Men,,,,SA NSA,SA NSA,,Non Seasonal Adjusted,Non Seasonal Adjusted,,,
79.42,,People,,Percent,,,,,1,Rates,,,,,,,Apr-Jun 2019,Apr-Jun 2019,,Quarter,,Labour market status,Labour market status,,EAAAF,,,,,,,,,,Economic Status,Economic Status,,In Employment,In Employment,,,,Age,Age,,35-49,35-49,,,,Sex,Sex,,Women,Women,,,,SA NSA,SA NSA,,Non Seasonal Adjusted,Non Seasonal Adjusted,,,
72.53,,People,,Percent,,,,,1,Rates,,,,,,,Apr-Jun 2019,Apr-Jun 2019,,Quarter,,Labour market status,Labour market status,,EAAAG,,,,,,,,,,Economic Status,Economic Status,,In Employment,In Employment,,,,Age,Age,,50-64,50-64,,,,Sex,Sex,,People,People,,,,SA NSA,SA NSA,,Non Seasonal Adjusted,Non Seasonal Adjusted,,,
76.45,,People,,Percent,,,,,1,Rates,,,,,,,Apr-Jun 2019,Apr-Jun 2019,,Quarter,,Labour market status,Labour market status,,EAAAH,,,,,,,,,,Economic Status,Economic Status,,In Employment,In Employment,,,,Age,Age,,50-64,50-64,,,,Sex,Sex,,Men,Men,,,,SA NSA,SA NSA,,Non Seasonal Adjusted,Non Seasonal Adjusted,,,
68.76,,People,,Percent,,,,,1,Rates,,,,,,,Apr-Jun 2019,Apr-Jun 2019,,Quarter,,Labour market status,Labour market status,,EAAAI,,,,,,,,,,Economic Status,Economic Status,,In Employment,In Employment,,,,Age,Age,,50-64,50-64,,,,Sex,Sex,,Women,Women,,,,SA NSA,SA NSA,,Non Seasonal Adjusted,Non Seasonal Adjusted,,,
11.43,,People,,Percent,,,,,1,Rates,,,,,,,Apr-Jun 2019,Apr-Jun 2019,,Quarter,,Labour market status,Labour market status,,EAAAJ,,,,,,,,,,Economic Status,Economic Status,,In Employment,In Employment,,,,Age,Age,,65+,65+,,,,Sex,Sex,,People,People,,,,SA NSA,SA NSA,,Non Seasonal Adjusted,Non Seasonal Adjusted,,,
14.3,,People,,Percent,,,,,1,Rates,,,,,,,Apr-Jun 2019,Apr-Jun 2019,,Quarter,,Labour market status,Labour market status,,EAAAK,,,,,,,,,,Economic Status,Economic Status,,In Employment,In Employment,,,,Age,Age,,65+,65+,,,,Sex,Sex,,Men,Men,,,,SA NSA,SA NSA,,Non Seasonal Adjusted,Non Seasonal Adjusted,,,
8.97,,People,,Percent,,,,,1,Rates,,,,,,,Apr-Jun 2019,Apr-Jun 2019,,Quarter,,Labour market status,Labour market status,,EAAAL,,,,,,,,,,Economic Status,Economic Status,,In Employment,In Employment,,,,Age,Age,,65+,65+,,,,Sex,Sex,,Women,Women,,,,SA NSA,SA NSA,,Non Seasonal Adjusted,Non Seasonal Adjusted,,,
54.04,,People,,Percent,,,,,1,Rates,,,,,,,Apr-Jun 2019,Apr-Jun 2019,,Quarter,,Labour market status,Labour market status,,YCQY,,,,,,,,,,Economic Status,Economic Status,,In Employment,In Employment,,,,Age,Age,,16-24,16-24,,,,Sex,Sex,,People,People,,,,SA NSA,SA NSA,,Non Seasonal Adjusted,Non Seasonal Adjusted,,,
53.12,,People,,Percent,,,,,1,Rates,,,,,,,Apr-Jun 2019,Apr-Jun 2019,,Quarter,,Labour market status,Labour market status,,YCRB,,,,,,,,,,Economic Status,Economic Status,,In Employment,In Employment,,,,Age,Age,,16-24,16-24,,,,Sex,Sex,,Men,Men,,,,SA NSA,SA NSA,,Non Seasonal Adjusted,Non Seasonal Adjusted,,,
54.99,,People,,Percent,,,,,1,Rates,,,,,,,Apr-Jun 2019,Apr-Jun 2019,,Quarter,,Labour market status,Labour market status,,YCRE,,,,,,,,,,Economic Status,Economic Status,,In Employment,In Employment,,,,Age,Age,,16-24,16-24,,,,Sex,Sex,,Women,Women,,,,SA NSA,SA NSA,,Non Seasonal Adjusted,Non Seasonal Adjusted,,,
3.81,,People,,Percent,,,,,1,Rates,,,,,,,Apr-Jun 2019,Apr-Jun 2019,,Quarter,,Labour market status,Labour market status,,MGTP,,,,,,,,,,Economic Status,Economic Status,,Unemployed,Unemployed,,,,Age,Age,,16+,16+,,,,Sex,Sex,,People,People,,,,SA NSA,SA NSA,,Non Seasonal Adjusted,Non Seasonal Adjusted,,,
4.05,,People,,Percent,,,,,1,Rates,,,,,,,Apr-Jun 2019,Apr-Jun 2019,,Quarter,,Labour market status,Labour market status,,MGTQ,,,,,,,,,,Economic Status,Economic Status,,Unemployed,Unemployed,,,,Age,Age,,16+,16+,,,,Sex,Sex,,Men,Men,,,,SA NSA,SA NSA,,Non Seasonal Adjusted,Non Seasonal Adjusted,,,
3.53,,People,,Percent,,,,,1,Rates,,,,,,,Apr-Jun 2019,Apr-Jun 2019,,Quarter,,Labour market status,Labour market status,,MGTR,,,,,,,,,,Economic Status,Economic Status,,Unemployed,Unemployed,,,,Age,Age,,16+,16+,,,,Sex,Sex,,Women,Women,,,,SA NSA,SA NSA,,Non Seasonal Adjusted,Non Seasonal Adjusted,,,
3.92,,People,,Percent,,,,,1,Rates,,,,,,,Apr-Jun 2019,Apr-Jun 2019,,Quarter,,Labour market status,Labour market status,,YBST,,,,,,,,,,Economic Status,Economic Status,,Unemployed,Unemployed,,,,Age,Age,,16-64,16-64,,,,Sex,Sex,,People,People,,,,SA NSA,SA NSA,,Non Seasonal Adjusted,Non Seasonal Adjusted,,,
4.19,,People,,Percent,,,,,1,Rates,,,,,,,Apr-Jun 2019,Apr-Jun 2019,,Quarter,,Labour market status,Labour market status,,YBSU,,,,,,,,,,Economic Status,Economic Status,,Unemployed,Unemployed,,,,Age,Age,,16-64,16-64,,,,Sex,Sex,,Men,Men,,,,SA NSA,SA NSA,,Non Seasonal Adjusted,Non Seasonal Adjusted,,,
3.61,,People,,Percent,,,,,1,Rates,,,,,,,Apr-Jun 2019,Apr-Jun 2019,,Quarter,,Labour market status,Labour market status,,YBSV,,,,,,,,,,Economic Status,Economic Status,,Unemployed,Unemployed,,,,Age,Age,,16-64,16-64,,,,Sex,Sex,,Women,Women,,,,SA NSA,SA NSA,,Non Seasonal Adjusted,Non Seasonal Adjusted,,,
16.98,,People,,Percent,,,,,1,Rates,,,,,,,Apr-Jun 2019,Apr-Jun 2019,,Quarter,,Labour market status,Labour market status,,YCRX,,,,,,,,,,Economic Status,Economic Status,,Unemployed,Unemployed,,,,Age,Age,,16-17,16-17,,,,Sex,Sex,,People,People,,,,SA NSA,SA NSA,,Non Seasonal Adjusted,Non Seasonal Adjusted,,,
20.75,,People,,Percent,,,,,1,Rates,,,,,,,Apr-Jun 2019,Apr-Jun 2019,,Quarter,,Labour market status,Labour market status,,YCSA,,,,,,,,,,Economic Status,Economic Status,,Unemployed,Unemployed,,,,Age,Age,,16-17,16-17,,,,Sex,Sex,,Men,Men,,,,SA NSA,SA NSA,,Non Seasonal Adjusted,Non Seasonal Adjusted,,,
13.34,,People,,Percent,,,,,1,Rates,,,,,,,Apr-Jun 2019,Apr-Jun 2019,,Quarter,,Labour market status,Labour market status,,YCSD,,,,,,,,,,Economic Status,Economic Status,,Unemployed,Unemployed,,,,Age,Age,,16-17,16-17,,,,Sex,Sex,,Women,Women,,,,SA NSA,SA NSA,,Non Seasonal Adjusted,Non Seasonal Adjusted,,,
10.62,,People,,Percent,,,,,1,Rates,,,,,,,Apr-Jun 2019,Apr-Jun 2019,,Quarter,,Labour market status,Labour market status,,YCRY,,,,,,,,,,Economic Status,Economic Status,,Unemployed,Unemployed,,,,Age,Age,,18-24,18-24,,,,Sex,Sex,,People,People,,,,SA NSA,SA NSA,,Non Seasonal Adjusted,Non Seasonal Adjusted,,,
12.74,,People,,Percent,,,,,1,Rates,,,,,,,Apr-Jun 2019,Apr-Jun 2019,,Quarter,,Labour market status,Labour market status,,YCSB,,,,,,,,,,Economic Status,Economic Status,,Unemployed,Unemployed,,,,Age,Age,,18-24,18-24,,,,Sex,Sex,,Men,Men,,,,SA NSA,SA NSA,,Non Seasonal Adjusted,Non Seasonal Adjusted,,,
8.35,,People,,Percent,,,,,1,Rates,,,,,,,Apr-Jun 2019,Apr-Jun 2019,,Quarter,,Labour market status,Labour market status,,YCSE,,,,,,,,,,Economic Status,Economic Status,,Unemployed,Unemployed,,,,Age,Age,,18-24,18-24,,,,Sex,Sex,,Women,Women,,,,SA NSA,SA NSA,,Non Seasonal Adjusted,Non Seasonal Adjusted,,,
3.42,,People,,Percent,,,,,1,Rates,,,,,,,Apr-Jun 2019,Apr-Jun 2019,,Quarter,,Labour market status,Labour market status,,,,,,,,,,,,Economic Status,Economic Status,,Unemployed,Unemployed,,,,Age,Age,,25-34,25-34,,,,Sex,Sex,,People,People,,,,SA NSA,SA NSA,,Non Seasonal Adjusted,Non Seasonal Adjusted,,,
3.51,,People,,Percent,,,,,1,Rates,,,,,,,Apr-Jun 2019,Apr-Jun 2019,,Quarter,,Labour market status,Labour market status,,,,,,,,,,,,Economic Status,Economic Status,,Unemployed,Unemployed,,,,Age,Age,,25-34,25-34,,,,Sex,Sex,,Men,Men,,,,SA NSA,SA NSA,,Non Seasonal Adjusted,Non Seasonal Adjusted,,,
3.32,,People,,Percent,,,,,1,Rates,,,,,,,Apr-Jun 2019,Apr-Jun 2019,,Quarter,,Labour market status,Labour market status,,,,,,,,,,,,Economic Status,Economic Status,,Unemployed,Unemployed,,,,Age,Age,,25-34,25-34,,,,Sex,Sex,,Women,Women,,,,SA NSA,SA NSA,,Non Seasonal Adjusted,Non Seasonal Adjusted,,,
2.6,,People,,Percent,,,,,1,Rates,,,,,,,Apr-Jun 2019,Apr-Jun 2019,,Quarter,,Labour market status,Labour market status,,,,,,,,,,,,Economic Status,Economic Status,,Unemployed,Unemployed,,,,Age,Age,,35-49,35-49,,,,Sex,Sex,,People,People,,,,SA NSA,SA NSA,,Non Seasonal Adjusted,Non Seasonal Adjusted,,,
2.38,,People,,Percent,,,,,1,Rates,,,,,,,Apr-Jun 2019,Apr-Jun 2019,,Quarter,,Labour market status,Labour market status,,,,,,,,,,,,Economic Status,Economic Status,,Unemployed,Unemployed,,,,Age,Age,,35-49,35-49,,,,Sex,Sex,,Men,Men,,,,SA NSA,SA NSA,,Non Seasonal Adjusted,Non Seasonal Adjusted,,,
2.85,,People,,Percent,,,,,1,Rates,,,,,,,Apr-Jun 2019,Apr-Jun 2019,,Quarter,,Labour market status,Labour market status,,,,,,,,,,,,Economic Status,Economic Status,,Unemployed,Unemployed,,,,Age,Age,,35-49,35-49,,,,Sex,Sex,,Women,Women,,,,SA NSA,SA NSA,,Non Seasonal Adjusted,Non Seasonal Adjusted,,,
2.63,,People,,Percent,,,,,1,Rates,,,,,,,Apr-Jun 2019,Apr-Jun 2019,,Quarter,,Labour market status,Labour market status,,,,,,,,,,,,Economic Status,Economic Status,,Unemployed,Unemployed,,,,Age,Age,,50-64,50-64,,,,Sex,Sex,,People,People,,,,SA NSA,SA NSA,,Non Seasonal Adjusted,Non Seasonal Adjusted,,,
2.85,,People,,Percent,,,,,1,Rates,,,,,,,Apr-Jun 2019,Apr-Jun 2019,,Quarter,,Labour market status,Labour market status,,,,,,,,,,,,Economic Status,Economic Status,,Unemployed,Unemployed,,,,Age,Age,,50-64,50-64,,,,Sex,Sex,,Men,Men,,,,SA NSA,SA NSA,,Non Seasonal Adjusted,Non Seasonal Adjusted,,,
2.38,,People,,Percent,,,,,1,Rates,,,,,,,Apr-Jun 2019,Apr-Jun 2019,,Quarter,,Labour market status,Labour market status,,,,,,,,,,,,Economic Status,Economic Status,,Unemployed,Unemployed,,,,Age,Age,,50-64,50-64,,,,Sex,Sex,,Women,Women,,,,SA NSA,SA NSA,,Non Seasonal Adjusted,Non Seasonal Adjusted,,,
1.2,,People,,Percent,,,,,1,Rates,,,,,,,Apr-Jun 2019,Apr-Jun 2019,,Quarter,,Labour market status,Labour market status,,,,,,,,,,,,Economic Status,Economic Status,,Unemployed,Unemployed,,,,Age,Age,,65+,65+,,,,Sex,Sex,,People,People,,,,SA NSA,SA NSA,,Non Seasonal Adjusted,Non Seasonal Adjusted,,,
1.13,,People,,Percent,,,,,1,Rates,,,,,,,Apr-Jun 2019,Apr-Jun 2019,,Quarter,,Labour market status,Labour market status,,,,,,,,,,,,Economic Status,Economic Status,,Unemployed,Unemployed,,,,Age,Age,,65+,65+,,,,Sex,Sex,,Men,Men,,,,SA NSA,SA NSA,,Non Seasonal Adjusted,Non Seasonal Adjusted,,,
1.29,,People,,Percent,,,,,1,Rates,,,,,,,Apr-Jun 2019,Apr-Jun 2019,,Quarter,,Labour market status,Labour market status,,,,,,,,,,,,Economic Status,Economic Status,,Unemployed,Unemployed,,,,Age,Age,,65+,65+,,,,Sex,Sex,,Women,Women,,,,SA NSA,SA NSA,,Non Seasonal Adjusted,Non Seasonal Adjusted,,,
11.23,,People,,Percent,,,,,1,Rates,,,,,,,Apr-Jun 2019,Apr-Jun 2019,,Quarter,,Labour market status,Labour market status,,YCRZ,,,,,,,,,,Economic Status,Economic Status,,Unemployed,Unemployed,,,,Age,Age,,16-24,16-24,,,,Sex,Sex,,People,People,,,,SA NSA,SA NSA,,Non Seasonal Adjusted,Non Seasonal Adjusted,,,
13.47,,People,,Percent,,,,,1,Rates,,,,,,,Apr-Jun 2019,Apr-Jun 2019,,Quarter,,Labour market status,Labour market status,,YCSC,,,,,,,,,,Economic Status,Economic Status,,Unemployed,Unemployed,,,,Age,Age,,16-24,16-24,,,,Sex,Sex,,Men,Men,,,,SA NSA,SA NSA,,Non Seasonal Adjusted,Non Seasonal Adjusted,,,
8.85,,People,,Percent,,,,,1,Rates,,,,,,,Apr-Jun 2019,Apr-Jun 2019,,Quarter,,Labour market status,Labour market status,,YCSF,,,,,,,,,,Economic Status,Economic Status,,Unemployed,Unemployed,,,,Age,Age,,16-24,16-24,,,,Sex,Sex,,Women,Women,,,,SA NSA,SA NSA,,Non Seasonal Adjusted,Non Seasonal Adjusted,,,
36.09,,People,,Percent,,,,,1,Rates,,,,,,,Apr-Jun 2019,Apr-Jun 2019,,Quarter,,Labour market status,Labour market status,,MGTV,,,,,,,,,,Economic Status,Economic Status,,Economically Inactive,Economically Inactive,,,,Age,Age,,16+,16+,,,,Sex,Sex,,People,People,,,,SA NSA,SA NSA,,Non Seasonal Adjusted,Non Seasonal Adjusted,,,
31.2,,People,,Percent,,,,,1,Rates,,,,,,,Apr-Jun 2019,Apr-Jun 2019,,Quarter,,Labour market status,Labour market status,,MGTW,,,,,,,,,,Economic Status,Economic Status,,Economically Inactive,Economically Inactive,,,,Age,Age,,16+,16+,,,,Sex,Sex,,Men,Men,,,,SA NSA,SA NSA,,Non Seasonal Adjusted,Non Seasonal Adjusted,,,
40.78,,People,,Percent,,,,,1,Rates,,,,,,,Apr-Jun 2019,Apr-Jun 2019,,Quarter,,Labour market status,Labour market status,,MGTX,,,,,,,,,,Economic Status,Economic Status,,Economically Inactive,Economically Inactive,,,,Age,Age,,16+,16+,,,,Sex,Sex,,Women,Women,,,,SA NSA,SA NSA,,Non Seasonal Adjusted,Non Seasonal Adjusted,,,
20.95,,People,,Percent,,,,,1,Rates,,,,,,,Apr-Jun 2019,Apr-Jun 2019,,Quarter,,Labour market status,Labour market status,,YBSZ,,,,,,,,,,Economic Status,Economic Status,,Economically Inactive,Economically Inactive,,,,Age,Age,,16-64,16-64,,,,Sex,Sex,,People,People,,,,SA NSA,SA NSA,,Non Seasonal Adjusted,Non Seasonal Adjusted,,,
16.6,,People,,Percent,,,,,1,Rates,,,,,,,Apr-Jun 2019,Apr-Jun 2019,,Quarter,,Labour market status,Labour market status,,YBTA,,,,,,,,,,Economic Status,Economic Status,,Economically Inactive,Economically Inactive,,,,Age,Age,,16-64,16-64,,,,Sex,Sex,,Men,Men,,,,SA NSA,SA NSA,,Non Seasonal Adjusted,Non Seasonal Adjusted,,,
25.27,,People,,Percent,,,,,1,Rates,,,,,,,Apr-Jun 2019,Apr-Jun 2019,,Quarter,,Labour market status,Labour market status,,YBTB,,,,,,,,,,Economic Status,Economic Status,,Economically Inactive,Economically Inactive,,,,Age,Age,,16-64,16-64,,,,Sex,Sex,,Women,Women,,,,SA NSA,SA NSA,,Non Seasonal Adjusted,Non Seasonal Adjusted,,,
71.24,,People,,Percent,,,,,1,Rates,,,,,,,Apr-Jun 2019,Apr-Jun 2019,,Quarter,,Labour market status,Labour market status,,YCSY,,,,,,,,,,Economic Status,Economic Status,,Economically Inactive,Economically Inactive,,,,Age,Age,,16-17,16-17,,,,Sex,Sex,,People,People,,,,SA NSA,SA NSA,,Non Seasonal Adjusted,Non Seasonal Adjusted,,,
72.44,,People,,Percent,,,,,1,Rates,,,,,,,Apr-Jun 2019,Apr-Jun 2019,,Quarter,,Labour market status,Labour market status,,YCTB,,,,,,,,,,Economic Status,Economic Status,,Economically Inactive,Economically Inactive,,,,Age,Age,,16-17,16-17,,,,Sex,Sex,,Men,Men,,,,SA NSA,SA NSA,,Non Seasonal Adjusted,Non Seasonal Adjusted,,,
69.98,,People,,Percent,,,,,1,Rates,,,,,,,Apr-Jun 2019,Apr-Jun 2019,,Quarter,,Labour market status,Labour market status,,YCTE,,,,,,,,,,Economic Status,Economic Status,,Economically Inactive,Economically Inactive,,,,Age,Age,,16-17,16-17,,,,Sex,Sex,,Women,Women,,,,SA NSA,SA NSA,,Non Seasonal Adjusted,Non Seasonal Adjusted,,,
31.04,,People,,Percent,,,,,1,Rates,,,,,,,Apr-Jun 2019,Apr-Jun 2019,,Quarter,,Labour market status,Labour market status,,YCSZ,,,,,,,,,,Economic Status,Economic Status,,Economically Inactive,Economically Inactive,,,,Age,Age,,18-24,18-24,,,,Sex,Sex,,People,People,,,,SA NSA,SA NSA,,Non Seasonal Adjusted,Non Seasonal Adjusted,,,
30.06,,People,,Percent,,,,,1,Rates,,,,,,,Apr-Jun 2019,Apr-Jun 2019,,Quarter,,Labour market status,Labour market status,,YCTC,,,,,,,,,,Economic Status,Economic Status,,Economically Inactive,Economically Inactive,,,,Age,Age,,18-24,18-24,,,,Sex,Sex,,Men,Men,,,,SA NSA,SA NSA,,Non Seasonal Adjusted,Non Seasonal Adjusted,,,
32.06,,People,,Percent,,,,,1,Rates,,,,,,,Apr-Jun 2019,Apr-Jun 2019,,Quarter,,Labour market status,Labour market status,,YCTF,,,,,,,,,,Economic Status,Economic Status,,Economically Inactive,Economically Inactive,,,,Age,Age,,18-24,18-24,,,,Sex,Sex,,Women,Women,,,,SA NSA,SA NSA,,Non Seasonal Adjusted,Non Seasonal Adjusted,,,
12.54,,People,,Percent,,,,,1,Rates,,,,,,,Apr-Jun 2019,Apr-Jun 2019,,Quarter,,Labour market status,Labour market status,,IAAAA,,,,,,,,,,Economic Status,Economic Status,,Economically Inactive,Economically Inactive,,,,Age,Age,,25-34,25-34,,,,Sex,Sex,,People,People,,,,SA NSA,SA NSA,,Non Seasonal Adjusted,Non Seasonal Adjusted,,,
6.86,,People,,Percent,,,,,1,Rates,,,,,,,Apr-Jun 2019,Apr-Jun 2019,,Quarter,,Labour market status,Labour market status,,IAAAB,,,,,,,,,,Economic Status,Economic Status,,Economically Inactive,Economically Inactive,,,,Age,Age,,25-34,25-34,,,,Sex,Sex,,Men,Men,,,,SA NSA,SA NSA,,Non Seasonal Adjusted,Non Seasonal Adjusted,,,
18.26,,People,,Percent,,,,,1,Rates,,,,,,,Apr-Jun 2019,Apr-Jun 2019,,Quarter,,Labour market status,Labour market status,,IAAAC,,,,,,,,,,Economic Status,Economic Status,,Economically Inactive,Economically Inactive,,,,Age,Age,,25-34,25-34,,,,Sex,Sex,,Women,Women,,,,SA NSA,SA NSA,,Non Seasonal Adjusted,Non Seasonal Adjusted,,,
12.45,,People,,Percent,,,,,1,Rates,,,,,,,Apr-Jun 2019,Apr-Jun 2019,,Quarter,,Labour market status,Labour market status,,IAAAD,,,,,,,,,,Economic Status,Economic Status,,Economically Inactive,Economically Inactive,,,,Age,Age,,35-49,35-49,,,,Sex,Sex,,People,People,,,,SA NSA,SA NSA,,Non Seasonal Adjusted,Non Seasonal Adjusted,,,
6.52,,People,,Percent,,,,,1,Rates,,,,,,,Apr-Jun 2019,Apr-Jun 2019,,Quarter,,Labour market status,Labour market status,,IAAAE,,,,,,,,,,Economic Status,Economic Status,,Economically Inactive,Economically Inactive,,,,Age,Age,,35-49,35-49,,,,Sex,Sex,,Men,Men,,,,SA NSA,SA NSA,,Non Seasonal Adjusted,Non Seasonal Adjusted,,,
18.24,,People,,Percent,,,,,1,Rates,,,,,,,Apr-Jun 2019,Apr-Jun 2019,,Quarter,,Labour market status,Labour market status,,IAAAF,,,,,,,,,,Economic Status,Economic Status,,Economically Inactive,Economically Inactive,,,,Age,Age,,35-49,35-49,,,,Sex,Sex,,Women,Women,,,,SA NSA,SA NSA,,Non Seasonal Adjusted,Non Seasonal Adjusted,,,
25.51,,People,,Percent,,,,,1,Rates,,,,,,,Apr-Jun 2019,Apr-Jun 2019,,Quarter,,Labour market status,Labour market status,,IAAAG,,,,,,,,,,Economic Status,Economic Status,,Economically Inactive,Economically Inactive,,,,Age,Age,,50-64,50-64,,,,Sex,Sex,,People,People,,,,SA NSA,SA NSA,,Non Seasonal Adjusted,Non Seasonal Adjusted,,,
21.31,,People,,Percent,,,,,1,Rates,,,,,,,Apr-Jun 2019,Apr-Jun 2019,,Quarter,,Labour market status,Labour market status,,IAAAH,,,,,,,,,,Economic Status,Economic Status,,Economically Inactive,Economically Inactive,,,,Age,Age,,50-64,50-64,,,,Sex,Sex,,Men,Men,,,,SA NSA,SA NSA,,Non Seasonal Adjusted,Non Seasonal Adjusted,,,
29.56,,People,,Percent,,,,,1,Rates,,,,,,,Apr-Jun 2019,Apr-Jun 2019,,Quarter,,Labour market status,Labour market status,,IAAAI,,,,,,,,,,Economic Status,Economic Status,,Economically Inactive,Economically Inactive,,,,Age,Age,,50-64,50-64,,,,Sex,Sex,,Women,Women,,,,SA NSA,SA NSA,,Non Seasonal Adjusted,Non Seasonal Adjusted,,,
88.43,,People,,Percent,,,,,1,Rates,,,,,,,Apr-Jun 2019,Apr-Jun 2019,,Quarter,,Labour market status,Labour market status,,IAAAJ,,,,,,,,,,Economic Status,Economic Status,,Economically Inactive,Economically Inactive,,,,Age,Age,,65+,65+,,,,Sex,Sex,,People,People,,,,SA NSA,SA NSA,,Non Seasonal Adjusted,Non Seasonal Adjusted,,,
85.54,,People,,Percent,,,,,1,Rates,,,,,,,Apr-Jun 2019,Apr-Jun 2019,,Quarter,,Labour market status,Labour market status,,IAAAK,,,,,,,,,,Economic Status,Economic Status,,Economically Inactive,Economically Inactive,,,,Age,Age,,65+,65+,,,,Sex,Sex,,Men,Men,,,,SA NSA,SA NSA,,Non Seasonal Adjusted,Non Seasonal Adjusted,,,
90.91,,People,,Percent,,,,,1,Rates,,,,,,,Apr-Jun 2019,Apr-Jun 2019,,Quarter,,Labour market status,Labour market status,,IAAAL,,,,,,,,,,Economic Status,Economic Status,,Economically Inactive,Economically Inactive,,,,Age,Age,,65+,65+,,,,Sex,Sex,,Women,Women,,,,SA NSA,SA NSA,,Non Seasonal Adjusted,Non Seasonal Adjusted,,,
39.13,,People,,Percent,,,,,1,Rates,,,,,,,Apr-Jun 2019,Apr-Jun 2019,,Quarter,,Labour market status,Labour market status,,YCTA,,,,,,,,,,Economic Status,Economic Status,,Economically Inactive,Economically Inactive,,,,Age,Age,,16-24,16-24,,,,Sex,Sex,,People,People,,,,SA NSA,SA NSA,,Non Seasonal Adjusted,Non Seasonal Adjusted,,,
38.61,,People,,Percent,,,,,1,Rates,,,,,,,Apr-Jun 2019,Apr-Jun 2019,,Quarter,,Labour market status,Labour market status,,YCTD,,,,,,,,,,Economic Status,Economic Status,,Economically Inactive,Economically Inactive,,,,Age,Age,,16-24,16-24,,,,Sex,Sex,,Men,Men,,,,SA NSA,SA NSA,,Non Seasonal Adjusted,Non Seasonal Adjusted,,,
39.67,,People,,Percent,,,,,1,Rates,,,,,,,Apr-Jun 2019,Apr-Jun 2019,,Quarter,,Labour market status,Labour market status,,YCTG,,,,,,,,,,Economic Status,Economic Status,,Economically Inactive,Economically Inactive,,,,Age,Age,,16-24,16-24,,,,Sex,Sex,,Women,Women,,,,SA NSA,SA NSA,,Non Seasonal Adjusted,Non Seasonal Adjusted,,,
63.91,,People,,Percent,,,,,1,Rates,,,,,,,Apr-Jun 2019,Apr-Jun 2019,,Quarter,,Labour market status,Labour market status,,MGTS,,,,,,,,,,Economic Status,Economic Status,,Economically Active,Economically Active,,,,Age,Age,,16+,16+,,,,Sex,Sex,,People,People,,,,SA NSA,SA NSA,,Non Seasonal Adjusted,Non Seasonal Adjusted,,,
68.8,,People,,Percent,,,,,1,Rates,,,,,,,Apr-Jun 2019,Apr-Jun 2019,,Quarter,,Labour market status,Labour market status,,MGTT,,,,,,,,,,Economic Status,Economic Status,,Economically Active,Economically Active,,,,Age,Age,,16+,16+,,,,Sex,Sex,,Men,Men,,,,SA NSA,SA NSA,,Non Seasonal Adjusted,Non Seasonal Adjusted,,,
59.22,,People,,Percent,,,,,1,Rates,,,,,,,Apr-Jun 2019,Apr-Jun 2019,,Quarter,,Labour market status,Labour market status,,MGTU,,,,,,,,,,Economic Status,Economic Status,,Economically Active,Economically Active,,,,Age,Age,,16+,16+,,,,Sex,Sex,,Women,Women,,,,SA NSA,SA NSA,,Non Seasonal Adjusted,Non Seasonal Adjusted,,,
79.05,,People,,Percent,,,,,1,Rates,,,,,,,Apr-Jun 2019,Apr-Jun 2019,,Quarter,,Labour market status,Labour market status,,YBSW,,,,,,,,,,Economic Status,Economic Status,,Economically Active,Economically Active,,,,Age,Age,,16-64,16-64,,,,Sex,Sex,,People,People,,,,SA NSA,SA NSA,,Non Seasonal Adjusted,Non Seasonal Adjusted,,,
83.4,,People,,Percent,,,,,1,Rates,,,,,,,Apr-Jun 2019,Apr-Jun 2019,,Quarter,,Labour market status,Labour market status,,YBSX,,,,,,,,,,Economic Status,Economic Status,,Economically Active,Economically Active,,,,Age,Age,,16-64,16-64,,,,Sex,Sex,,Men,Men,,,,SA NSA,SA NSA,,Non Seasonal Adjusted,Non Seasonal Adjusted,,,
74.73,,People,,Percent,,,,,1,Rates,,,,,,,Apr-Jun 2019,Apr-Jun 2019,,Quarter,,Labour market status,Labour market status,,YBSY,,,,,,,,,,Economic Status,Economic Status,,Economically Active,Economically Active,,,,Age,Age,,16-64,16-64,,,,Sex,Sex,,Women,Women,,,,SA NSA,SA NSA,,Non Seasonal Adjusted,Non Seasonal Adjusted,,,
28.76,,People,,Percent,,,,,1,Rates,,,,,,,Apr-Jun 2019,Apr-Jun 2019,,Quarter,,Labour market status,Labour market status,,YCPV,,,,,,,,,,Economic Status,Economic Status,,Economically Active,Economically Active,,,,Age,Age,,16-17,16-17,,,,Sex,Sex,,People,People,,,,SA NSA,SA NSA,,Non Seasonal Adjusted,Non Seasonal Adjusted,,,
27.56,,People,,Percent,,,,,1,Rates,,,,,,,Apr-Jun 2019,Apr-Jun 2019,,Quarter,,Labour market status,Labour market status,,YCPY,,,,,,,,,,Economic Status,Economic Status,,Economically Active,Economically Active,,,,Age,Age,,16-17,16-17,,,,Sex,Sex,,Men,Men,,,,SA NSA,SA NSA,,Non Seasonal Adjusted,Non Seasonal Adjusted,,,
30.02,,People,,Percent,,,,,1,Rates,,,,,,,Apr-Jun 2019,Apr-Jun 2019,,Quarter,,Labour market status,Labour market status,,YCQB,,,,,,,,,,Economic Status,Economic Status,,Economically Active,Economically Active,,,,Age,Age,,16-17,16-17,,,,Sex,Sex,,Women,Women,,,,SA NSA,SA NSA,,Non Seasonal Adjusted,Non Seasonal Adjusted,,,
68.96,,People,,Percent,,,,,1,Rates,,,,,,,Apr-Jun 2019,Apr-Jun 2019,,Quarter,,Labour market status,Labour market status,,YCPW,,,,,,,,,,Economic Status,Economic Status,,Economically Active,Economically Active,,,,Age,Age,,18-24,18-24,,,,Sex,Sex,,People,People,,,,SA NSA,SA NSA,,Non Seasonal Adjusted,Non Seasonal Adjusted,,,
69.94,,People,,Percent,,,,,1,Rates,,,,,,,Apr-Jun 2019,Apr-Jun 2019,,Quarter,,Labour market status,Labour market status,,YCPZ,,,,,,,,,,Economic Status,Economic Status,,Economically Active,Economically Active,,,,Age,Age,,18-24,18-24,,,,Sex,Sex,,Men,Men,,,,SA NSA,SA NSA,,Non Seasonal Adjusted,Non Seasonal Adjusted,,,
67.94,,People,,Percent,,,,,1,Rates,,,,,,,Apr-Jun 2019,Apr-Jun 2019,,Quarter,,Labour market status,Labour market status,,YCQC,,,,,,,,,,Economic Status,Economic Status,,Economically Active,Economically Active,,,,Age,Age,,18-24,18-24,,,,Sex,Sex,,Women,Women,,,,SA NSA,SA NSA,,Non Seasonal Adjusted,Non Seasonal Adjusted,,,
87.46,,People,,Percent,,,,,1,Rates,,,,,,,Apr-Jun 2019,Apr-Jun 2019,,Quarter,,Labour market status,Labour market status,,AAAAA,,,,,,,,,,Economic Status,Economic Status,,Economically Active,Economically Active,,,,Age,Age,,25-34,25-34,,,,Sex,Sex,,People,People,,,,SA NSA,SA NSA,,Non Seasonal Adjusted,Non Seasonal Adjusted,,,
93.14,,People,,Percent,,,,,1,Rates,,,,,,,Apr-Jun 2019,Apr-Jun 2019,,Quarter,,Labour market status,Labour market status,,AAAAB,,,,,,,,,,Economic Status,Economic Status,,Economically Active,Economically Active,,,,Age,Age,,25-34,25-34,,,,Sex,Sex,,Men,Men,,,,SA NSA,SA NSA,,Non Seasonal Adjusted,Non Seasonal Adjusted,,,
81.74,,People,,Percent,,,,,1,Rates,,,,,,,Apr-Jun 2019,Apr-Jun 2019,,Quarter,,Labour market status,Labour market status,,AAAAC,,,,,,,,,,Economic Status,Economic Status,,Economically Active,Economically Active,,,,Age,Age,,25-34,25-34,,,,Sex,Sex,,Women,Women,,,,SA NSA,SA NSA,,Non Seasonal Adjusted,Non Seasonal Adjusted,,,
87.55,,People,,Percent,,,,,1,Rates,,,,,,,Apr-Jun 2019,Apr-Jun 2019,,Quarter,,Labour market status,Labour market status,,AAAAD,,,,,,,,,,Economic Status,Economic Status,,Economically Active,Economically Active,,,,Age,Age,,35-49,35-49,,,,Sex,Sex,,People,People,,,,SA NSA,SA NSA,,Non Seasonal Adjusted,Non Seasonal Adjusted,,,
93.48,,People,,Percent,,,,,1,Rates,,,,,,,Apr-Jun 2019,Apr-Jun 2019,,Quarter,,Labour market status,Labour market status,,AAAAE,,,,,,,,,,Economic Status,Economic Status,,Economically Active,Economically Active,,,,Age,Age,,35-49,35-49,,,,Sex,Sex,,Men,Men,,,,SA NSA,SA NSA,,Non Seasonal Adjusted,Non Seasonal Adjusted,,,
81.76,,People,,Percent,,,,,1,Rates,,,,,,,Apr-Jun 2019,Apr-Jun 2019,,Quarter,,Labour market status,Labour market status,,AAAAF,,,,,,,,,,Economic Status,Economic Status,,Economically Active,Economically Active,,,,Age,Age,,35-49,35-49,,,,Sex,Sex,,Women,Women,,,,SA NSA,SA NSA,,Non Seasonal Adjusted,Non Seasonal Adjusted,,,
74.49,,People,,Percent,,,,,1,Rates,,,,,,,Apr-Jun 2019,Apr-Jun 2019,,Quarter,,Labour market status,Labour market status,,AAAAG,,,,,,,,,,Economic Status,Economic Status,,Economically Active,Economically Active,,,,Age,Age,,50-64,50-64,,,,Sex,Sex,,People,People,,,,SA NSA,SA NSA,,Non Seasonal Adjusted,Non Seasonal Adjusted,,,
78.69,,People,,Percent,,,,,1,Rates,,,,,,,Apr-Jun 2019,Apr-Jun 2019,,Quarter,,Labour market status,Labour market status,,AAAAH,,,,,,,,,,Economic Status,Economic Status,,Economically Active,Economically Active,,,,Age,Age,,50-64,50-64,,,,Sex,Sex,,Men,Men,,,,SA NSA,SA NSA,,Non Seasonal Adjusted,Non Seasonal Adjusted,,,
70.44,,People,,Percent,,,,,1,Rates,,,,,,,Apr-Jun 2019,Apr-Jun 2019,,Quarter,,Labour market status,Labour market status,,AAAAI,,,,,,,,,,Economic Status,Economic Status,,Economically Active,Economically Active,,,,Age,Age,,50-64,50-64,,,,Sex,Sex,,Women,Women,,,,SA NSA,SA NSA,,Non Seasonal Adjusted,Non Seasonal Adjusted,,,
11.57,,People,,Percent,,,,,1,Rates,,,,,,,Apr-Jun 2019,Apr-Jun 2019,,Quarter,,Labour market status,Labour market status,,AAAAJ,,,,,,,,,,Economic Status,Economic Status,,Economically Active,Economically Active,,,,Age,Age,,65+,65+,,,,Sex,Sex,,People,People,,,,SA NSA,SA NSA,,Non Seasonal Adjusted,Non Seasonal Adjusted,,,
14.46,,People,,Percent,,,,,1,Rates,,,,,,,Apr-Jun 2019,Apr-Jun 2019,,Quarter,,Labour market status,Labour market status,,AAAAK,,,,,,,,,,Economic Status,Economic Status,,Economically Active,Economically Active,,,,Age,Age,,65+,65+,,,,Sex,Sex,,Men,Men,,,,SA NSA,SA NSA,,Non Seasonal Adjusted,Non Seasonal Adjusted,,,
9.09,,People,,Percent,,,,,1,Rates,,,,,,,Apr-Jun 2019,Apr-Jun 2019,,Quarter,,Labour market status,Labour market status,,AAAAL,,,,,,,,,,Economic Status,Economic Status,,Economically Active,Economically Active,,,,Age,Age,,65+,65+,,,,Sex,Sex,,Women,Women,,,,SA NSA,SA NSA,,Non Seasonal Adjusted,Non Seasonal Adjusted,,,
60.87,,People,,Percent,,,,,1,Rates,,,,,,,Apr-Jun 2019,Apr-Jun 2019,,Quarter,,Labour market status,Labour market status,,YCPX,,,,,,,,,,Economic Status,Economic Status,,Economically Active,Economically Active,,,,Age,Age,,16-24,16-24,,,,Sex,Sex,,People,People,,,,SA NSA,SA NSA,,Non Seasonal Adjusted,Non Seasonal Adjusted,,,
61.39,,People,,Percent,,,,,1,Rates,,,,,,,Apr-Jun 2019,Apr-Jun 2019,,Quarter,,Labour market status,Labour market status,,YCQA,,,,,,,,,,Economic Status,Economic Status,,Economically Active,Economically Active,,,,Age,Age,,16-24,16-24,,,,Sex,Sex,,Men,Men,,,,SA NSA,SA NSA,,Non Seasonal Adjusted,Non Seasonal Adjusted,,,
60.33,,People,,Percent,,,,,1,Rates,,,,,,,Apr-Jun 2019,Apr-Jun 2019,,Quarter,,Labour market status,Labour market status,,YCQD,,,,,,,,,,Economic Status,Economic Status,,Economically Active,Economically Active,,,,Age,Age,,16-24,16-24,,,,Sex,Sex,,Women,Women,,,,SA NSA,SA NSA,,Non Seasonal Adjusted,Non Seasonal Adjusted,,,
61.59,,People,,Percent,,,,,1,Rates,,,,,,,Apr-Jun 2019,Apr-Jun 2019,,Quarter,,Labour market status,Labour market status,,MGRZ,,,,,,,,,,Economic Status,Economic Status,,In Employment,In Employment,,,,Age,Age,,16+,16+,,,,Sex,Sex,,People,People,,,,SA NSA,SA NSA,,Seasonal Adjusted,Seasonal Adjusted,,,
66.19,,People,,Percent,,,,,1,Rates,,,,,,,Apr-Jun 2019,Apr-Jun 2019,,Quarter,,Labour market status,Labour market status,,MGSA,,,,,,,,,,Economic Status,Economic Status,,In Employment,In Employment,,,,Age,Age,,16+,16+,,,,Sex,Sex,,Men,Men,,,,SA NSA,SA NSA,,Seasonal Adjusted,Seasonal Adjusted,,,
57.18,,People,,Percent,,,,,1,Rates,,,,,,,Apr-Jun 2019,Apr-Jun 2019,,Quarter,,Labour market status,Labour market status,,MGSB,,,,,,,,,,Economic Status,Economic Status,,In Employment,In Employment,,,,Age,Age,,16+,16+,,,,Sex,Sex,,Women,Women,,,,SA NSA,SA NSA,,Seasonal Adjusted,Seasonal Adjusted,,,
76.1,,People,,Percent,,,,,1,Rates,,,,,,,Apr-Jun 2019,Apr-Jun 2019,,Quarter,,Labour market status,Labour market status,,YBSE,,,,,,,,,,Economic Status,Economic Status,,In Employment,In Employment,,,,Age,Age,,16-64,16-64,,,,Sex,Sex,,People,People,,,,SA NSA,SA NSA,,Seasonal Adjusted,Seasonal Adjusted,,,
80.13,,People,,Percent,,,,,1,Rates,,,,,,,Apr-Jun 2019,Apr-Jun 2019,,Quarter,,Labour market status,Labour market status,,YBSF,,,,,,,,,,Economic Status,Economic Status,,In Employment,In Employment,,,,Age,Age,,16-64,16-64,,,,Sex,Sex,,Men,Men,,,,SA NSA,SA NSA,,Seasonal Adjusted,Seasonal Adjusted,,,
72.12,,People,,Percent,,,,,1,Rates,,,,,,,Apr-Jun 2019,Apr-Jun 2019,,Quarter,,Labour market status,Labour market status,,YBSG,,,,,,,,,,Economic Status,Economic Status,,In Employment,In Employment,,,,Age,Age,,16-64,16-64,,,,Sex,Sex,,Women,Women,,,,SA NSA,SA NSA,,Seasonal Adjusted,Seasonal Adjusted,,,
24.93,,People,,Percent,,,,,1,Rates,,,,,,,Apr-Jun 2019,Apr-Jun 2019,,Quarter,,Labour market status,Labour market status,,YBTO,,,,,,,,,,Economic Status,Economic Status,,In Employment,In Employment,,,,Age,Age,,16-17,16-17,,,,Sex,Sex,,People,People,,,,SA NSA,SA NSA,,Seasonal Adjusted,Seasonal Adjusted,,,
23.03,,People,,Percent,,,,,1,Rates,,,,,,,Apr-Jun 2019,Apr-Jun 2019,,Quarter,,Labour market status,Labour market status,,YBTP,,,,,,,,,,Economic Status,Economic Status,,In Employment,In Employment,,,,Age,Age,,16-17,16-17,,,,Sex,Sex,,Men,Men,,,,SA NSA,SA NSA,,Seasonal Adjusted,Seasonal Adjusted,,,
26.93,,People,,Percent,,,,,1,Rates,,,,,,,Apr-Jun 2019,Apr-Jun 2019,,Quarter,,Labour market status,Labour market status,,YBTQ,,,,,,,,,,Economic Status,Economic Status,,In Employment,In Employment,,,,Age,Age,,16-17,16-17,,,,Sex,Sex,,Women,Women,,,,SA NSA,SA NSA,,Seasonal Adjusted,Seasonal Adjusted,,,
62.72,,People,,Percent,,,,,1,Rates,,,,,,,Apr-Jun 2019,Apr-Jun 2019,,Quarter,,Labour market status,Labour market status,,YBTR,,,,,,,,,,Economic Status,Economic Status,,In Employment,In Employment,,,,Age,Age,,18-24,18-24,,,,Sex,Sex,,People,People,,,,SA NSA,SA NSA,,Seasonal Adjusted,Seasonal Adjusted,,,
62.14,,People,,Percent,,,,,1,Rates,,,,,,,Apr-Jun 2019,Apr-Jun 2019,,Quarter,,Labour market status,Labour market status,,YBTS,,,,,,,,,,Economic Status,Economic Status,,In Employment,In Employment,,,,Age,Age,,18-24,18-24,,,,Sex,Sex,,Men,Men,,,,SA NSA,SA NSA,,Seasonal Adjusted,Seasonal Adjusted,,,
63.32,,People,,Percent,,,,,1,Rates,,,,,,,Apr-Jun 2019,Apr-Jun 2019,,Quarter,,Labour market status,Labour market status,,YBTT,,,,,,,,,,Economic Status,Economic Status,,In Employment,In Employment,,,,Age,Age,,18-24,18-24,,,,Sex,Sex,,Women,Women,,,,SA NSA,SA NSA,,Seasonal Adjusted,Seasonal Adjusted,,,
84.4,,People,,Percent,,,,,1,Rates,,,,,,,Apr-Jun 2019,Apr-Jun 2019,,Quarter,,Labour market status,Labour market status,,YBTU,,,,,,,,,,Economic Status,Economic Status,,In Employment,In Employment,,,,Age,Age,,25-34,25-34,,,,Sex,Sex,,People,People,,,,SA NSA,SA NSA,,Seasonal Adjusted,Seasonal Adjusted,,,
89.84,,People,,Percent,,,,,1,Rates,,,,,,,Apr-Jun 2019,Apr-Jun 2019,,Quarter,,Labour market status,Labour market status,,YBTV,,,,,,,,,,Economic Status,Economic Status,,In Employment,In Employment,,,,Age,Age,,25-34,25-34,,,,Sex,Sex,,Men,Men,,,,SA NSA,SA NSA,,Seasonal Adjusted,Seasonal Adjusted,,,
78.92,,People,,Percent,,,,,1,Rates,,,,,,,Apr-Jun 2019,Apr-Jun 2019,,Quarter,,Labour market status,Labour market status,,YBTW,,,,,,,,,,Economic Status,Economic Status,,In Employment,In Employment,,,,Age,Age,,25-34,25-34,,,,Sex,Sex,,Women,Women,,,,SA NSA,SA NSA,,Seasonal Adjusted,Seasonal Adjusted,,,
85.25,,People,,Percent,,,,,1,Rates,,,,,,,Apr-Jun 2019,Apr-Jun 2019,,Quarter,,Labour market status,Labour market status,,YBTX,,,,,,,,,,Economic Status,Economic Status,,In Employment,In Employment,,,,Age,Age,,35-49,35-49,,,,Sex,Sex,,People,People,,,,SA NSA,SA NSA,,Seasonal Adjusted,Seasonal Adjusted,,,
91.34,,People,,Percent,,,,,1,Rates,,,,,,,Apr-Jun 2019,Apr-Jun 2019,,Quarter,,Labour market status,Labour market status,,YBTY,,,,,,,,,,Economic Status,Economic Status,,In Employment,In Employment,,,,Age,Age,,35-49,35-49,,,,Sex,Sex,,Men,Men,,,,SA NSA,SA NSA,,Seasonal Adjusted,Seasonal Adjusted,,,
79.31,,People,,Percent,,,,,1,Rates,,,,,,,Apr-Jun 2019,Apr-Jun 2019,,Quarter,,Labour market status,Labour market status,,YBTZ,,,,,,,,,,Economic Status,Economic Status,,In Employment,In Employment,,,,Age,Age,,35-49,35-49,,,,Sex,Sex,,Women,Women,,,,SA NSA,SA NSA,,Seasonal Adjusted,Seasonal Adjusted,,,
72.51,,People,,Percent,,,,,1,Rates,,,,,,,Apr-Jun 2019,Apr-Jun 2019,,Quarter,,Labour market status,Labour market status,,MGUW,,,,,,,,,,Economic Status,Economic Status,,In Employment,In Employment,,,,Age,Age,,50-64,50-64,,,,Sex,Sex,,People,People,,,,SA NSA,SA NSA,,Seasonal Adjusted,Seasonal Adjusted,,,
76.48,,People,,Percent,,,,,1,Rates,,,,,,,Apr-Jun 2019,Apr-Jun 2019,,Quarter,,Labour market status,Labour market status,,MGUX,,,,,,,,,,Economic Status,Economic Status,,In Employment,In Employment,,,,Age,Age,,50-64,50-64,,,,Sex,Sex,,Men,Men,,,,SA NSA,SA NSA,,Seasonal Adjusted,Seasonal Adjusted,,,
68.68,,People,,Percent,,,,,1,Rates,,,,,,,Apr-Jun 2019,Apr-Jun 2019,,Quarter,,Labour market status,Labour market status,,MGUY,,,,,,,,,,Economic Status,Economic Status,,In Employment,In Employment,,,,Age,Age,,50-64,50-64,,,,Sex,Sex,,Women,Women,,,,SA NSA,SA NSA,,Seasonal Adjusted,Seasonal Adjusted,,,
11.41,,People,,Percent,,,,,1,Rates,,,,,,,Apr-Jun 2019,Apr-Jun 2019,,Quarter,,Labour market status,Labour market status,,MGUZ,,,,,,,,,,Economic Status,Economic Status,,In Employment,In Employment,,,,Age,Age,,65+,65+,,,,Sex,Sex,,People,People,,,,SA NSA,SA NSA,,Seasonal Adjusted,Seasonal Adjusted,,,
14.31,,People,,Percent,,,,,1,Rates,,,,,,,Apr-Jun 2019,Apr-Jun 2019,,Quarter,,Labour market status,Labour market status,,MGVA,,,,,,,,,,Economic Status,Economic Status,,In Employment,In Employment,,,,Age,Age,,65+,65+,,,,Sex,Sex,,Men,Men,,,,SA NSA,SA NSA,,Seasonal Adjusted,Seasonal Adjusted,,,
8.91,,People,,Percent,,,,,1,Rates,,,,,,,Apr-Jun 2019,Apr-Jun 2019,,Quarter,,Labour market status,Labour market status,,MGVB,,,,,,,,,,Economic Status,Economic Status,,In Employment,In Employment,,,,Age,Age,,65+,65+,,,,Sex,Sex,,Women,Women,,,,SA NSA,SA NSA,,Seasonal Adjusted,Seasonal Adjusted,,,
55.11,,People,,Percent,,,,,1,Rates,,,,,,,Apr-Jun 2019,Apr-Jun 2019,,Quarter,,Labour market status,Labour market status,,MGUQ,,,,,,,,,,Economic Status,Economic Status,,In Employment,In Employment,,,,Age,Age,,16-24,16-24,,,,Sex,Sex,,People,People,,,,SA NSA,SA NSA,,Seasonal Adjusted,Seasonal Adjusted,,,
54.25,,People,,Percent,,,,,1,Rates,,,,,,,Apr-Jun 2019,Apr-Jun 2019,,Quarter,,Labour market status,Labour market status,,MGUR,,,,,,,,,,Economic Status,Economic Status,,In Employment,In Employment,,,,Age,Age,,16-24,16-24,,,,Sex,Sex,,Men,Men,,,,SA NSA,SA NSA,,Seasonal Adjusted,Seasonal Adjusted,,,
56.01,,People,,Percent,,,,,1,Rates,,,,,,,Apr-Jun 2019,Apr-Jun 2019,,Quarter,,Labour market status,Labour market status,,MGUS,,,,,,,,,,Economic Status,Economic Status,,In Employment,In Employment,,,,Age,Age,,16-24,16-24,,,,Sex,Sex,,Women,Women,,,,SA NSA,SA NSA,,Seasonal Adjusted,Seasonal Adjusted,,,
3.89,,People,,Percent,,,,,1,Rates,,,,,,,Apr-Jun 2019,Apr-Jun 2019,,Quarter,,Labour market status,Labour market status,,MGSC,,,,,,,,,,Economic Status,Economic Status,,Unemployed,Unemployed,,,,Age,Age,,16+,16+,,,,Sex,Sex,,People,People,,,,SA NSA,SA NSA,,Seasonal Adjusted,Seasonal Adjusted,,,
4.11,,People,,Percent,,,,,1,Rates,,,,,,,Apr-Jun 2019,Apr-Jun 2019,,Quarter,,Labour market status,Labour market status,,MGSD,,,,,,,,,,Economic Status,Economic Status,,Unemployed,Unemployed,,,,Age,Age,,16+,16+,,,,Sex,Sex,,Men,Men,,,,SA NSA,SA NSA,,Seasonal Adjusted,Seasonal Adjusted,,,
3.65,,People,,Percent,,,,,1,Rates,,,,,,,Apr-Jun 2019,Apr-Jun 2019,,Quarter,,Labour market status,Labour market status,,MGSE,,,,,,,,,,Economic Status,Economic Status,,Unemployed,Unemployed,,,,Age,Age,,16+,16+,,,,Sex,Sex,,Women,Women,,,,SA NSA,SA NSA,,Seasonal Adjusted,Seasonal Adjusted,,,
4.01,,People,,Percent,,,,,1,Rates,,,,,,,Apr-Jun 2019,Apr-Jun 2019,,Quarter,,Labour market status,Labour market status,,YBSH,,,,,,,,,,Economic Status,Economic Status,,Unemployed,Unemployed,,,,Age,Age,,16-64,16-64,,,,Sex,Sex,,People,People,,,,SA NSA,SA NSA,,Seasonal Adjusted,Seasonal Adjusted,,,
4.25,,People,,Percent,,,,,1,Rates,,,,,,,Apr-Jun 2019,Apr-Jun 2019,,Quarter,,Labour market status,Labour market status,,YBSI,,,,,,,,,,Economic Status,Economic Status,,Unemployed,Unemployed,,,,Age,Age,,16-64,16-64,,,,Sex,Sex,,Men,Men,,,,SA NSA,SA NSA,,Seasonal Adjusted,Seasonal Adjusted,,,
3.74,,People,,Percent,,,,,1,Rates,,,,,,,Apr-Jun 2019,Apr-Jun 2019,,Quarter,,Labour market status,Labour market status,,YBSJ,,,,,,,,,,Economic Status,Economic Status,,Unemployed,Unemployed,,,,Age,Age,,16-64,16-64,,,,Sex,Sex,,Women,Women,,,,SA NSA,SA NSA,,Seasonal Adjusted,Seasonal Adjusted,,,
19.36,,People,,Percent,,,,,1,Rates,,,,,,,Apr-Jun 2019,Apr-Jun 2019,,Quarter,,Labour market status,Labour market status,,YBVH,,,,,,,,,,Economic Status,Economic Status,,Unemployed,Unemployed,,,,Age,Age,,16-17,16-17,,,,Sex,Sex,,People,People,,,,SA NSA,SA NSA,,Seasonal Adjusted,Seasonal Adjusted,,,
22.43,,People,,Percent,,,,,1,Rates,,,,,,,Apr-Jun 2019,Apr-Jun 2019,,Quarter,,Labour market status,Labour market status,,YBVI,,,,,,,,,,Economic Status,Economic Status,,Unemployed,Unemployed,,,,Age,Age,,16-17,16-17,,,,Sex,Sex,,Men,Men,,,,SA NSA,SA NSA,,Seasonal Adjusted,Seasonal Adjusted,,,
16.38,,People,,Percent,,,,,1,Rates,,,,,,,Apr-Jun 2019,Apr-Jun 2019,,Quarter,,Labour market status,Labour market status,,YBVJ,,,,,,,,,,Economic Status,Economic Status,,Unemployed,Unemployed,,,,Age,Age,,16-17,16-17,,,,Sex,Sex,,Women,Women,,,,SA NSA,SA NSA,,Seasonal Adjusted,Seasonal Adjusted,,,
10.79,,People,,Percent,,,,,1,Rates,,,,,,,Apr-Jun 2019,Apr-Jun 2019,,Quarter,,Labour market status,Labour market status,,YBVN,,,,,,,,,,Economic Status,Economic Status,,Unemployed,Unemployed,,,,Age,Age,,18-24,18-24,,,,Sex,Sex,,People,People,,,,SA NSA,SA NSA,,Seasonal Adjusted,Seasonal Adjusted,,,
12.9,,People,,Percent,,,,,1,Rates,,,,,,,Apr-Jun 2019,Apr-Jun 2019,,Quarter,,Labour market status,Labour market status,,YBVO,,,,,,,,,,Economic Status,Economic Status,,Unemployed,Unemployed,,,,Age,Age,,18-24,18-24,,,,Sex,Sex,,Men,Men,,,,SA NSA,SA NSA,,Seasonal Adjusted,Seasonal Adjusted,,,
8.52,,People,,Percent,,,,,1,Rates,,,,,,,Apr-Jun 2019,Apr-Jun 2019,,Quarter,,Labour market status,Labour market status,,YBVP,,,,,,,,,,Economic Status,Economic Status,,Unemployed,Unemployed,,,,Age,Age,,18-24,18-24,,,,Sex,Sex,,Women,Women,,,,SA NSA,SA NSA,,Seasonal Adjusted,Seasonal Adjusted,,,
3.42,,People,,Percent,,,,,1,Rates,,,,,,,Apr-Jun 2019,Apr-Jun 2019,,Quarter,,Labour market status,Labour market status,,,,,,,,,,,,Economic Status,Economic Status,,Unemployed,Unemployed,,,,Age,Age,,25-34,25-34,,,,Sex,Sex,,People,People,,,,SA NSA,SA NSA,,Seasonal Adjusted,Seasonal Adjusted,,,
3.5,,People,,Percent,,,,,1,Rates,,,,,,,Apr-Jun 2019,Apr-Jun 2019,,Quarter,,Labour market status,Labour market status,,,,,,,,,,,,Economic Status,Economic Status,,Unemployed,Unemployed,,,,Age,Age,,25-34,25-34,,,,Sex,Sex,,Men,Men,,,,SA NSA,SA NSA,,Seasonal Adjusted,Seasonal Adjusted,,,
3.34,,People,,Percent,,,,,1,Rates,,,,,,,Apr-Jun 2019,Apr-Jun 2019,,Quarter,,Labour market status,Labour market status,,,,,,,,,,,,Economic Status,Economic Status,,Unemployed,Unemployed,,,,Age,Age,,25-34,25-34,,,,Sex,Sex,,Women,Women,,,,SA NSA,SA NSA,,Seasonal Adjusted,Seasonal Adjusted,,,
2.61,,People,,Percent,,,,,1,Rates,,,,,,,Apr-Jun 2019,Apr-Jun 2019,,Quarter,,Labour market status,Labour market status,,,,,,,,,,,,Economic Status,Economic Status,,Unemployed,Unemployed,,,,Age,Age,,35-49,35-49,,,,Sex,Sex,,People,People,,,,SA NSA,SA NSA,,Seasonal Adjusted,Seasonal Adjusted,,,
2.34,,People,,Percent,,,,,1,Rates,,,,,,,Apr-Jun 2019,Apr-Jun 2019,,Quarter,,Labour market status,Labour market status,,,,,,,,,,,,Economic Status,Economic Status,,Unemployed,Unemployed,,,,Age,Age,,35-49,35-49,,,,Sex,Sex,,Men,Men,,,,SA NSA,SA NSA,,Seasonal Adjusted,Seasonal Adjusted,,,
2.9,,People,,Percent,,,,,1,Rates,,,,,,,Apr-Jun 2019,Apr-Jun 2019,,Quarter,,Labour market status,Labour market status,,,,,,,,,,,,Economic Status,Economic Status,,Unemployed,Unemployed,,,,Age,Age,,35-49,35-49,,,,Sex,Sex,,Women,Women,,,,SA NSA,SA NSA,,Seasonal Adjusted,Seasonal Adjusted,,,
2.66,,People,,Percent,,,,,1,Rates,,,,,,,Apr-Jun 2019,Apr-Jun 2019,,Quarter,,Labour market status,Labour market status,,,,,,,,,,,,Economic Status,Economic Status,,Unemployed,Unemployed,,,,Age,Age,,50-64,50-64,,,,Sex,Sex,,People,People,,,,SA NSA,SA NSA,,Seasonal Adjusted,Seasonal Adjusted,,,
2.87,,People,,Percent,,,,,1,Rates,,,,,,,Apr-Jun 2019,Apr-Jun 2019,,Quarter,,Labour market status,Labour market status,,,,,,,,,,,,Economic Status,Economic Status,,Unemployed,Unemployed,,,,Age,Age,,50-64,50-64,,,,Sex,Sex,,Men,Men,,,,SA NSA,SA NSA,,Seasonal Adjusted,Seasonal Adjusted,,,
2.44,,People,,Percent,,,,,1,Rates,,,,,,,Apr-Jun 2019,Apr-Jun 2019,,Quarter,,Labour market status,Labour market status,,,,,,,,,,,,Economic Status,Economic Status,,Unemployed,Unemployed,,,,Age,Age,,50-64,50-64,,,,Sex,Sex,,Women,Women,,,,SA NSA,SA NSA,,Seasonal Adjusted,Seasonal Adjusted,,,
1.17,,People,,Percent,,,,,1,Rates,,,,,,,Apr-Jun 2019,Apr-Jun 2019,,Quarter,,Labour market status,Labour market status,,,,,,,,,,,,Economic Status,Economic Status,,Unemployed,Unemployed,,,,Age,Age,,65+,65+,,,,Sex,Sex,,People,People,,,,SA NSA,SA NSA,,Seasonal Adjusted,Seasonal Adjusted,,,
1.09,,People,,Percent,,,,,1,Rates,,,,,,,Apr-Jun 2019,Apr-Jun 2019,,Quarter,,Labour market status,Labour market status,,,,,,,,,,,,Economic Status,Economic Status,,Unemployed,Unemployed,,,,Age,Age,,65+,65+,,,,Sex,Sex,,Men,Men,,,,SA NSA,SA NSA,,Seasonal Adjusted,Seasonal Adjusted,,,
1.29,,People,,Percent,,,,,1,Rates,,,,,,,Apr-Jun 2019,Apr-Jun 2019,,Quarter,,Labour market status,Labour market status,,,,,,,,,,,,Economic Status,Economic Status,,Unemployed,Unemployed,,,,Age,Age,,65+,65+,,,,Sex,Sex,,Women,Women,,,,SA NSA,SA NSA,,Seasonal Adjusted,Seasonal Adjusted,,,
11.65,,People,,Percent,,,,,1,Rates,,,,,,,Apr-Jun 2019,Apr-Jun 2019,,Quarter,,Labour market status,Labour market status,,,,,,,,,,,,Economic Status,Economic Status,,Unemployed,Unemployed,,,,Age,Age,,16-24,16-24,,,,Sex,Sex,,People,People,,,,SA NSA,SA NSA,,Seasonal Adjusted,Seasonal Adjusted,,,
13.81,,People,,Percent,,,,,1,Rates,,,,,,,Apr-Jun 2019,Apr-Jun 2019,,Quarter,,Labour market status,Labour market status,,,,,,,,,,,,Economic Status,Economic Status,,Unemployed,Unemployed,,,,Age,Age,,16-24,16-24,,,,Sex,Sex,,Men,Men,,,,SA NSA,SA NSA,,Seasonal Adjusted,Seasonal Adjusted,,,
9.35,,People,,Percent,,,,,1,Rates,,,,,,,Apr-Jun 2019,Apr-Jun 2019,,Quarter,,Labour market status,Labour market status,,,,,,,,,,,,Economic Status,Economic Status,,Unemployed,Unemployed,,,,Age,Age,,16-24,16-24,,,,Sex,Sex,,Women,Women,,,,SA NSA,SA NSA,,Seasonal Adjusted,Seasonal Adjusted,,,
35.92,,People,,Percent,,,,,1,Rates,,,,,,,Apr-Jun 2019,Apr-Jun 2019,,Quarter,,Labour market status,Labour market status,,MGSI,,,,,,,,,,Economic Status,Economic Status,,Economically Inactive,Economically Inactive,,,,Age,Age,,16+,16+,,,,Sex,Sex,,People,People,,,,SA NSA,SA NSA,,Seasonal Adjusted,Seasonal Adjusted,,,
30.97,,People,,Percent,,,,,1,Rates,,,,,,,Apr-Jun 2019,Apr-Jun 2019,,Quarter,,Labour market status,Labour market status,,MGSJ,,,,,,,,,,Economic Status,Economic Status,,Economically Inactive,Economically Inactive,,,,Age,Age,,16+,16+,,,,Sex,Sex,,Men,Men,,,,SA NSA,SA NSA,,Seasonal Adjusted,Seasonal Adjusted,,,
40.66,,People,,Percent,,,,,1,Rates,,,,,,,Apr-Jun 2019,Apr-Jun 2019,,Quarter,,Labour market status,Labour market status,,MGSK,,,,,,,,,,Economic Status,Economic Status,,Economically Inactive,Economically Inactive,,,,Age,Age,,16+,16+,,,,Sex,Sex,,Women,Women,,,,SA NSA,SA NSA,,Seasonal Adjusted,Seasonal Adjusted,,,
20.72,,People,,Percent,,,,,1,Rates,,,,,,,Apr-Jun 2019,Apr-Jun 2019,,Quarter,,Labour market status,Labour market status,,YBSN,,,,,,,,,,Economic Status,Economic Status,,Economically Inactive,Economically Inactive,,,,Age,Age,,16-64,16-64,,,,Sex,Sex,,People,People,,,,SA NSA,SA NSA,,Seasonal Adjusted,Seasonal Adjusted,,,
16.31,,People,,Percent,,,,,1,Rates,,,,,,,Apr-Jun 2019,Apr-Jun 2019,,Quarter,,Labour market status,Labour market status,,YBSO,,,,,,,,,,Economic Status,Economic Status,,Economically Inactive,Economically Inactive,,,,Age,Age,,16-64,16-64,,,,Sex,Sex,,Men,Men,,,,SA NSA,SA NSA,,Seasonal Adjusted,Seasonal Adjusted,,,
25.09,,People,,Percent,,,,,1,Rates,,,,,,,Apr-Jun 2019,Apr-Jun 2019,,Quarter,,Labour market status,Labour market status,,YBSP,,,,,,,,,,Economic Status,Economic Status,,Economically Inactive,Economically Inactive,,,,Age,Age,,16-64,16-64,,,,Sex,Sex,,Women,Women,,,,SA NSA,SA NSA,,Seasonal Adjusted,Seasonal Adjusted,,,
69.08,,People,,Percent,,,,,1,Rates,,,,,,,Apr-Jun 2019,Apr-Jun 2019,,Quarter,,Labour market status,Labour market status,,YCAS,,,,,,,,,,Economic Status,Economic Status,,Economically Inactive,Economically Inactive,,,,Age,Age,,16-17,16-17,,,,Sex,Sex,,People,People,,,,SA NSA,SA NSA,,Seasonal Adjusted,Seasonal Adjusted,,,
70.31,,People,,Percent,,,,,1,Rates,,,,,,,Apr-Jun 2019,Apr-Jun 2019,,Quarter,,Labour market status,Labour market status,,YCAT,,,,,,,,,,Economic Status,Economic Status,,Economically Inactive,Economically Inactive,,,,Age,Age,,16-17,16-17,,,,Sex,Sex,,Men,Men,,,,SA NSA,SA NSA,,Seasonal Adjusted,Seasonal Adjusted,,,
67.79,,People,,Percent,,,,,1,Rates,,,,,,,Apr-Jun 2019,Apr-Jun 2019,,Quarter,,Labour market status,Labour market status,,YCAU,,,,,,,,,,Economic Status,Economic Status,,Economically Inactive,Economically Inactive,,,,Age,Age,,16-17,16-17,,,,Sex,Sex,,Women,Women,,,,SA NSA,SA NSA,,Seasonal Adjusted,Seasonal Adjusted,,,
29.7,,People,,Percent,,,,,1,Rates,,,,,,,Apr-Jun 2019,Apr-Jun 2019,,Quarter,,Labour market status,Labour market status,,YCAV,,,,,,,,,,Economic Status,Economic Status,,Economically Inactive,Economically Inactive,,,,Age,Age,,18-24,18-24,,,,Sex,Sex,,People,People,,,,SA NSA,SA NSA,,Seasonal Adjusted,Seasonal Adjusted,,,
28.65,,People,,Percent,,,,,1,Rates,,,,,,,Apr-Jun 2019,Apr-Jun 2019,,Quarter,,Labour market status,Labour market status,,YCAW,,,,,,,,,,Economic Status,Economic Status,,Economically Inactive,Economically Inactive,,,,Age,Age,,18-24,18-24,,,,Sex,Sex,,Men,Men,,,,SA NSA,SA NSA,,Seasonal Adjusted,Seasonal Adjusted,,,
30.78,,People,,Percent,,,,,1,Rates,,,,,,,Apr-Jun 2019,Apr-Jun 2019,,Quarter,,Labour market status,Labour market status,,YCAX,,,,,,,,,,Economic Status,Economic Status,,Economically Inactive,Economically Inactive,,,,Age,Age,,18-24,18-24,,,,Sex,Sex,,Women,Women,,,,SA NSA,SA NSA,,Seasonal Adjusted,Seasonal Adjusted,,,
12.6,,People,,Percent,,,,,1,Rates,,,,,,,Apr-Jun 2019,Apr-Jun 2019,,Quarter,,Labour market status,Labour market status,,YCAY,,,,,,,,,,Economic Status,Economic Status,,Economically Inactive,Economically Inactive,,,,Age,Age,,25-34,25-34,,,,Sex,Sex,,People,People,,,,SA NSA,SA NSA,,Seasonal Adjusted,Seasonal Adjusted,,,
6.91,,People,,Percent,,,,,1,Rates,,,,,,,Apr-Jun 2019,Apr-Jun 2019,,Quarter,,Labour market status,Labour market status,,YCAZ,,,,,,,,,,Economic Status,Economic Status,,Economically Inactive,Economically Inactive,,,,Age,Age,,25-34,25-34,,,,Sex,Sex,,Men,Men,,,,SA NSA,SA NSA,,Seasonal Adjusted,Seasonal Adjusted,,,
18.35,,People,,Percent,,,,,1,Rates,,,,,,,Apr-Jun 2019,Apr-Jun 2019,,Quarter,,Labour market status,Labour market status,,YCBA,,,,,,,,,,Economic Status,Economic Status,,Economically Inactive,Economically Inactive,,,,Age,Age,,25-34,25-34,,,,Sex,Sex,,Women,Women,,,,SA NSA,SA NSA,,Seasonal Adjusted,Seasonal Adjusted,,,
12.47,,People,,Percent,,,,,1,Rates,,,,,,,Apr-Jun 2019,Apr-Jun 2019,,Quarter,,Labour market status,Labour market status,,YCBB,,,,,,,,,,Economic Status,Economic Status,,Economically Inactive,Economically Inactive,,,,Age,Age,,35-49,35-49,,,,Sex,Sex,,People,People,,,,SA NSA,SA NSA,,Seasonal Adjusted,Seasonal Adjusted,,,
6.47,,People,,Percent,,,,,1,Rates,,,,,,,Apr-Jun 2019,Apr-Jun 2019,,Quarter,,Labour market status,Labour market status,,YCBC,,,,,,,,,,Economic Status,Economic Status,,Economically Inactive,Economically Inactive,,,,Age,Age,,35-49,35-49,,,,Sex,Sex,,Men,Men,,,,SA NSA,SA NSA,,Seasonal Adjusted,Seasonal Adjusted,,,
18.32,,People,,Percent,,,,,1,Rates,,,,,,,Apr-Jun 2019,Apr-Jun 2019,,Quarter,,Labour market status,Labour market status,,YCBD,,,,,,,,,,Economic Status,Economic Status,,Economically Inactive,Economically Inactive,,,,Age,Age,,35-49,35-49,,,,Sex,Sex,,Women,Women,,,,SA NSA,SA NSA,,Seasonal Adjusted,Seasonal Adjusted,,,
25.51,,People,,Percent,,,,,1,Rates,,,,,,,Apr-Jun 2019,Apr-Jun 2019,,Quarter,,Labour market status,Labour market status,,MGWA,,,,,,,,,,Economic Status,Economic Status,,Economically Inactive,Economically Inactive,,,,Age,Age,,50-64,50-64,,,,Sex,Sex,,People,People,,,,SA NSA,SA NSA,,Seasonal Adjusted,Seasonal Adjusted,,,
21.26,,People,,Percent,,,,,1,Rates,,,,,,,Apr-Jun 2019,Apr-Jun 2019,,Quarter,,Labour market status,Labour market status,,MGWB,,,,,,,,,,Economic Status,Economic Status,,Economically Inactive,Economically Inactive,,,,Age,Age,,50-64,50-64,,,,Sex,Sex,,Men,Men,,,,SA NSA,SA NSA,,Seasonal Adjusted,Seasonal Adjusted,,,
29.6,,People,,Percent,,,,,1,Rates,,,,,,,Apr-Jun 2019,Apr-Jun 2019,,Quarter,,Labour market status,Labour market status,,MGWC,,,,,,,,,,Economic Status,Economic Status,,Economically Inactive,Economically Inactive,,,,Age,Age,,50-64,50-64,,,,Sex,Sex,,Women,Women,,,,SA NSA,SA NSA,,Seasonal Adjusted,Seasonal Adjusted,,,
88.46,,People,,Percent,,,,,1,Rates,,,,,,,Apr-Jun 2019,Apr-Jun 2019,,Quarter,,Labour market status,Labour market status,,MGWD,,,,,,,,,,Economic Status,Economic Status,,Economically Inactive,Economically Inactive,,,,Age,Age,,65+,65+,,,,Sex,Sex,,People,People,,,,SA NSA,SA NSA,,Seasonal Adjusted,Seasonal Adjusted,,,
85.53,,People,,Percent,,,,,1,Rates,,,,,,,Apr-Jun 2019,Apr-Jun 2019,,Quarter,,Labour market status,Labour market status,,MGWE,,,,,,,,,,Economic Status,Economic Status,,Economically Inactive,Economically Inactive,,,,Age,Age,,65+,65+,,,,Sex,Sex,,Men,Men,,,,SA NSA,SA NSA,,Seasonal Adjusted,Seasonal Adjusted,,,
90.97,,People,,Percent,,,,,1,Rates,,,,,,,Apr-Jun 2019,Apr-Jun 2019,,Quarter,,Labour market status,Labour market status,,MGWF,,,,,,,,,,Economic Status,Economic Status,,Economically Inactive,Economically Inactive,,,,Age,Age,,65+,65+,,,,Sex,Sex,,Women,Women,,,,SA NSA,SA NSA,,Seasonal Adjusted,Seasonal Adjusted,,,
37.62,,People,,Percent,,,,,1,Rates,,,,,,,Apr-Jun 2019,Apr-Jun 2019,,Quarter,,Labour market status,Labour market status,,MGVU,,,,,,,,,,Economic Status,Economic Status,,Economically Inactive,Economically Inactive,,,,Age,Age,,16-24,16-24,,,,Sex,Sex,,People,People,,,,SA NSA,SA NSA,,Seasonal Adjusted,Seasonal Adjusted,,,
37.06,,People,,Percent,,,,,1,Rates,,,,,,,Apr-Jun 2019,Apr-Jun 2019,,Quarter,,Labour market status,Labour market status,,MGVV,,,,,,,,,,Economic Status,Economic Status,,Economically Inactive,Economically Inactive,,,,Age,Age,,16-24,16-24,,,,Sex,Sex,,Men,Men,,,,SA NSA,SA NSA,,Seasonal Adjusted,Seasonal Adjusted,,,
38.21,,People,,Percent,,,,,1,Rates,,,,,,,Apr-Jun 2019,Apr-Jun 2019,,Quarter,,Labour market status,Labour market status,,MGVW,,,,,,,,,,Economic Status,Economic Status,,Economically Inactive,Economically Inactive,,,,Age,Age,,16-24,16-24,,,,Sex,Sex,,Women,Women,,,,SA NSA,SA NSA,,Seasonal Adjusted,Seasonal Adjusted,,,
64.08,,People,,Percent,,,,,1,Rates,,,,,,,Apr-Jun 2019,Apr-Jun 2019,,Quarter,,Labour market status,Labour market status,,MGSF,,,,,,,,,,Economic Status,Economic Status,,Economically Active,Economically Active,,,,Age,Age,,16+,16+,,,,Sex,Sex,,People,People,,,,SA NSA,SA NSA,,Seasonal Adjusted,Seasonal Adjusted,,,
69.03,,People,,Percent,,,,,1,Rates,,,,,,,Apr-Jun 2019,Apr-Jun 2019,,Quarter,,Labour market status,Labour market status,,MGSG,,,,,,,,,,Economic Status,Economic Status,,Economically Active,Economically Active,,,,Age,Age,,16+,16+,,,,Sex,Sex,,Men,Men,,,,SA NSA,SA NSA,,Seasonal Adjusted,Seasonal Adjusted,,,
59.34,,People,,Percent,,,,,1,Rates,,,,,,,Apr-Jun 2019,Apr-Jun 2019,,Quarter,,Labour market status,Labour market status,,MGSH,,,,,,,,,,Economic Status,Economic Status,,Economically Active,Economically Active,,,,Age,Age,,16+,16+,,,,Sex,Sex,,Women,Women,,,,SA NSA,SA NSA,,Seasonal Adjusted,Seasonal Adjusted,,,
79.28,,People,,Percent,,,,,1,Rates,,,,,,,Apr-Jun 2019,Apr-Jun 2019,,Quarter,,Labour market status,Labour market status,,YBSK,,,,,,,,,,Economic Status,Economic Status,,Economically Active,Economically Active,,,,Age,Age,,16-64,16-64,,,,Sex,Sex,,People,People,,,,SA NSA,SA NSA,,Seasonal Adjusted,Seasonal Adjusted,,,
83.69,,People,,Percent,,,,,1,Rates,,,,,,,Apr-Jun 2019,Apr-Jun 2019,,Quarter,,Labour market status,Labour market status,,YBSL,,,,,,,,,,Economic Status,Economic Status,,Economically Active,Economically Active,,,,Age,Age,,16-64,16-64,,,,Sex,Sex,,Men,Men,,,,SA NSA,SA NSA,,Seasonal Adjusted,Seasonal Adjusted,,,
74.91,,People,,Percent,,,,,1,Rates,,,,,,,Apr-Jun 2019,Apr-Jun 2019,,Quarter,,Labour market status,Labour market status,,YBSM,,,,,,,,,,Economic Status,Economic Status,,Economically Active,Economically Active,,,,Age,Age,,16-64,16-64,,,,Sex,Sex,,Women,Women,,,,SA NSA,SA NSA,,Seasonal Adjusted,Seasonal Adjusted,,,
30.92,,People,,Percent,,,,,1,Rates,,,,,,,Apr-Jun 2019,Apr-Jun 2019,,Quarter,,Labour market status,Labour market status,,YBZL,,,,,,,,,,Economic Status,Economic Status,,Economically Active,Economically Active,,,,Age,Age,,16-17,16-17,,,,Sex,Sex,,People,People,,,,SA NSA,SA NSA,,Seasonal Adjusted,Seasonal Adjusted,,,
29.69,,People,,Percent,,,,,1,Rates,,,,,,,Apr-Jun 2019,Apr-Jun 2019,,Quarter,,Labour market status,Labour market status,,YBZM,,,,,,,,,,Economic Status,Economic Status,,Economically Active,Economically Active,,,,Age,Age,,16-17,16-17,,,,Sex,Sex,,Men,Men,,,,SA NSA,SA NSA,,Seasonal Adjusted,Seasonal Adjusted,,,
32.21,,People,,Percent,,,,,1,Rates,,,,,,,Apr-Jun 2019,Apr-Jun 2019,,Quarter,,Labour market status,Labour market status,,YBZN,,,,,,,,,,Economic Status,Economic Status,,Economically Active,Economically Active,,,,Age,Age,,16-17,16-17,,,,Sex,Sex,,Women,Women,,,,SA NSA,SA NSA,,Seasonal Adjusted,Seasonal Adjusted,,,
70.3,,People,,Percent,,,,,1,Rates,,,,,,,Apr-Jun 2019,Apr-Jun 2019,,Quarter,,Labour market status,Labour market status,,YBZO,,,,,,,,,,Economic Status,Economic Status,,Economically Active,Economically Active,,,,Age,Age,,18-24,18-24,,,,Sex,Sex,,People,People,,,,SA NSA,SA NSA,,Seasonal Adjusted,Seasonal Adjusted,,,
71.35,,People,,Percent,,,,,1,Rates,,,,,,,Apr-Jun 2019,Apr-Jun 2019,,Quarter,,Labour market status,Labour market status,,YBZP,,,,,,,,,,Economic Status,Economic Status,,Economically Active,Economically Active,,,,Age,Age,,18-24,18-24,,,,Sex,Sex,,Men,Men,,,,SA NSA,SA NSA,,Seasonal Adjusted,Seasonal Adjusted,,,
69.22,,People,,Percent,,,,,1,Rates,,,,,,,Apr-Jun 2019,Apr-Jun 2019,,Quarter,,Labour market status,Labour market status,,YBZQ,,,,,,,,,,Economic Status,Economic Status,,Economically Active,Economically Active,,,,Age,Age,,18-24,18-24,,,,Sex,Sex,,Women,Women,,,,SA NSA,SA NSA,,Seasonal Adjusted,Seasonal Adjusted,,,
87.4,,People,,Percent,,,,,1,Rates,,,,,,,Apr-Jun 2019,Apr-Jun 2019,,Quarter,,Labour market status,Labour market status,,YBZR,,,,,,,,,,Economic Status,Economic Status,,Economically Active,Economically Active,,,,Age,Age,,25-34,25-34,,,,Sex,Sex,,People,People,,,,SA NSA,SA NSA,,Seasonal Adjusted,Seasonal Adjusted,,,
93.09,,People,,Percent,,,,,1,Rates,,,,,,,Apr-Jun 2019,Apr-Jun 2019,,Quarter,,Labour market status,Labour market status,,YBZS,,,,,,,,,,Economic Status,Economic Status,,Economically Active,Economically Active,,,,Age,Age,,25-34,25-34,,,,Sex,Sex,,Men,Men,,,,SA NSA,SA NSA,,Seasonal Adjusted,Seasonal Adjusted,,,
81.65,,People,,Percent,,,,,1,Rates,,,,,,,Apr-Jun 2019,Apr-Jun 2019,,Quarter,,Labour market status,Labour market status,,YBZT,,,,,,,,,,Economic Status,Economic Status,,Economically Active,Economically Active,,,,Age,Age,,25-34,25-34,,,,Sex,Sex,,Women,Women,,,,SA NSA,SA NSA,,Seasonal Adjusted,Seasonal Adjusted,,,
87.53,,People,,Percent,,,,,1,Rates,,,,,,,Apr-Jun 2019,Apr-Jun 2019,,Quarter,,Labour market status,Labour market status,,YBZU,,,,,,,,,,Economic Status,Economic Status,,Economically Active,Economically Active,,,,Age,Age,,35-49,35-49,,,,Sex,Sex,,People,People,,,,SA NSA,SA NSA,,Seasonal Adjusted,Seasonal Adjusted,,,
93.53,,People,,Percent,,,,,1,Rates,,,,,,,Apr-Jun 2019,Apr-Jun 2019,,Quarter,,Labour market status,Labour market status,,YBZV,,,,,,,,,,Economic Status,Economic Status,,Economically Active,Economically Active,,,,Age,Age,,35-49,35-49,,,,Sex,Sex,,Men,Men,,,,SA NSA,SA NSA,,Seasonal Adjusted,Seasonal Adjusted,,,
81.68,,People,,Percent,,,,,1,Rates,,,,,,,Apr-Jun 2019,Apr-Jun 2019,,Quarter,,Labour market status,Labour market status,,YBZW,,,,,,,,,,Economic Status,Economic Status,,Economically Active,Economically Active,,,,Age,Age,,35-49,35-49,,,,Sex,Sex,,Women,Women,,,,SA NSA,SA NSA,,Seasonal Adjusted,Seasonal Adjusted,,,
74.49,,People,,Percent,,,,,1,Rates,,,,,,,Apr-Jun 2019,Apr-Jun 2019,,Quarter,,Labour market status,Labour market status,,YBZX,,,,,,,,,,Economic Status,Economic Status,,Economically Active,Economically Active,,,,Age,Age,,50-64,50-64,,,,Sex,Sex,,People,People,,,,SA NSA,SA NSA,,Seasonal Adjusted,Seasonal Adjusted,,,
78.74,,People,,Percent,,,,,1,Rates,,,,,,,Apr-Jun 2019,Apr-Jun 2019,,Quarter,,Labour market status,Labour market status,,YBZY,,,,,,,,,,Economic Status,Economic Status,,Economically Active,Economically Active,,,,Age,Age,,50-64,50-64,,,,Sex,Sex,,Men,Men,,,,SA NSA,SA NSA,,Seasonal Adjusted,Seasonal Adjusted,,,
70.4,,People,,Percent,,,,,1,Rates,,,,,,,Apr-Jun 2019,Apr-Jun 2019,,Quarter,,Labour market status,Labour market status,,YBZZ,,,,,,,,,,Economic Status,Economic Status,,Economically Active,Economically Active,,,,Age,Age,,50-64,50-64,,,,Sex,Sex,,Women,Women,,,,SA NSA,SA NSA,,Seasonal Adjusted,Seasonal Adjusted,,,
11.54,,People,,Percent,,,,,1,Rates,,,,,,,Apr-Jun 2019,Apr-Jun 2019,,Quarter,,Labour market status,Labour market status,,YCAD,,,,,,,,,,Economic Status,Economic Status,,Economically Active,Economically Active,,,,Age,Age,,65+,65+,,,,Sex,Sex,,People,People,,,,SA NSA,SA NSA,,Seasonal Adjusted,Seasonal Adjusted,,,
14.47,,People,,Percent,,,,,1,Rates,,,,,,,Apr-Jun 2019,Apr-Jun 2019,,Quarter,,Labour market status,Labour market status,,YCAE,,,,,,,,,,Economic Status,Economic Status,,Economically Active,Economically Active,,,,Age,Age,,65+,65+,,,,Sex,Sex,,Men,Men,,,,SA NSA,SA NSA,,Seasonal Adjusted,Seasonal Adjusted,,,
9.03,,People,,Percent,,,,,1,Rates,,,,,,,Apr-Jun 2019,Apr-Jun 2019,,Quarter,,Labour market status,Labour market status,,YCAF,,,,,,,,,,Economic Status,Economic Status,,Economically Active,Economically Active,,,,Age,Age,,65+,65+,,,,Sex,Sex,,Women,Women,,,,SA NSA,SA NSA,,Seasonal Adjusted,Seasonal Adjusted,,,
62.38,,People,,Percent,,,,,1,Rates,,,,,,,Apr-Jun 2019,Apr-Jun 2019,,Quarter,,Labour market status,Labour market status,,AGLY,,,,,,,,,,Economic Status,Economic Status,,Economically Active,Economically Active,,,,Age,Age,,16-24,16-24,,,,Sex,Sex,,People,People,,,,SA NSA,SA NSA,,Seasonal Adjusted,Seasonal Adjusted,,,
62.94,,People,,Percent,,,,,1,Rates,,,,,,,Apr-Jun 2019,Apr-Jun 2019,,Quarter,,Labour market status,Labour market status,,AGMB,,,,,,,,,,Economic Status,Economic Status,,Economically Active,Economically Active,,,,Age,Age,,16-24,16-24,,,,Sex,Sex,,Men,Men,,,,SA NSA,SA NSA,,Seasonal Adjusted,Seasonal Adjusted,,,
61.79,,People,,Percent,,,,,1,Rates,,,,,,,Apr-Jun 2019,Apr-Jun 2019,,Quarter,,Labour market status,Labour market status,,AGME,,,,,,,,,,Economic Status,Economic Status,,Economically Active,Economically Active,,,,Age,Age,,16-24,16-24,,,,Sex,Sex,,Women,Women,,,,SA NSA,SA NSA,,Seasonal Adjusted,Seasonal Adjusted,,,
